evidence_id,local_path,source_url,title,mime_type,width,height,sha256,evidence_layer,visual_category,channel,era_or_date,captured_at,market,creator_or_agency,credit,rights_note,related_ids,status,subject_role,human_casting,setting,composition,camera_and_perspective,lighting,palette,material_and_surface,postproduction,motion_or_sequence,product_representation_job,product_native_signals,analysis_notes,report_section,report_order,key_visual_surface
EV-101,assets/tekla-mark.svg,https://teklafabrics.com/favicon.svg,Tekla favicon / app icon mark,image/svg+xml,512,512,f5005f492b60590e9fc087b7c6259c7d24ff3894d49b867813b84ddff431c751,identity,logo,owned web,2026,2026-08-24,Global,Tekla,Tekla,Copyright Tekla; research reference only,EV-003,included,app icon mark,none,flat asset,centered monogram,front,flat,dark mark on light field,flat vector,none,static,identity recognition,compact monogram silhouette,"Official favicon/app-icon asset; confirms a dark mark on a light field but is not a confirmed full wordmark lockup",identity-channel-tokens,1,yes
EV-102,evidence/images/EV-102-key-visual.jpg,https://tekla.b-cdn.net/59iE0AZRGoA6HRO2W1POpe/9a69e0ec1aac0abcfe30d2be18e5e686/TEKLA_02_03.jpg,Tekla key visual bed,image/jpeg,1440,1800,79820e5b550b3a36ef87f79bff22b728f2051aa5a8ad407f2aa2e176ae031962,key visual,key visual,owned web,2026,2026-08-24,Global,Tekla,Tekla,Copyright Tekla; research reference only,,included,made bed with duvet,none,plain plaster bedroom wall,symmetrical centered product against negative space,front-on eye level,soft diffuse daylight,sage green and warm taupe with dark wood accent,cotton percale duvet with visible button closures,minimal restrained grade,static,hero silhouette proof,channel-quilted duvet form with woven care label,"Homepage og:image; a single bed reads as the brand's default hero motif with generous surrounding wall space",key-visual,2,yes
EV-103,evidence/images/EV-103-photography-a.jpg,https://tekla.b-cdn.net/4BORZEpa1OYbNhqR6nZY61/8def3a2e9ebe1fbeab618ed00bd26c44/BB_TEKLA___2_.jpg,Tekla lifestyle sleepwear portrait,image/jpeg,1440,1800,ced22b9858cde12f0a404ab7b63f5b4fbe094bd14a45c0b973fc8da9221b2614,photography,brand image,owned web,2026,2026-08-24,Global,Tekla,Tekla,Copyright Tekla; research reference only,,included,seated model in sleepwear,single adult woman seated cross-legged looking away from camera,domestic interior corner,off-center subject with deep shadow field,three-quarter angle at seated eye level,low-key directional window light with soft falloff,pale mint sleepwear against warm neutral shadow,piped cotton sleepwear with visible topstitching,filmic grain and muted contrast,static,mood and material context,piped collar and cuff construction visible,"Editorial-register portrait; gaze averted, quiet and undemonstrative rather than posed toward camera",photography-film,3,no
EV-104,evidence/images/EV-104-brand-mood-store.jpg,https://tekla.b-cdn.net/6Hw4qO6ZY1BbooJHkzyXrK/5335d8a07ce18ca4fdb6f445d77d28e4/Low-Umit-Storeopening4.jpg,Tekla Copenhagen flagship storefront,image/jpeg,1440,1800,9667a7c4ff895d5b362bbfe494e281fc1afbe57be7c4a8095d4b53b73ef31eb8,brand mood,store,owned web,2026,2026-08-24,Global,Tekla,Tekla,Copyright Tekla; research reference only,EV-004,included,storefront and interior,none,Egmont Building street-level window,frontal symmetrical shopfront framing centered wordmark,front-on street level,mixed daylight through glass and warm interior ceiling fixtures,black frame with white interior and warm wood counter,poured concrete floor and natural wood counter visible through glass,none,static,brand-world establishing context,"black wordmark set on a light maple counter, all-caps geometric letterforms","Direct evidence of the wordmark treatment in situ: bold tight-tracked black TEKLA letters on a light wood surface",brand-mood,4,yes
EV-105,evidence/images/EV-105-photography-b.jpg,https://tekla.b-cdn.net/50pBo8p4zsqNMqiIfwIPzm/ee72bb3cfded9436b170c3801ff772f5/2073-05-0065.jpg,Tekla striped towel stack with woven label,image/jpeg,1440,1800,9448151718523a18e0b00650c9b83b60858e50636d86fb09d58fce4c81eae363,product representation,product photography,owned web,2026,2026-08-24,Global,Tekla,Tekla,Copyright Tekla; research reference only,,included,folded towel family,none,flat studio surface against plain wall,graduated size stack with centered label tags,top-down flat lay,soft even studio light,rust-brown stripe on white terry,cotton terry with woven jacquard stripe,clean minimal retouch,static,family-scale and material proof,"woven TEKLA wordmark label sewn into every towel size, bold black on cream ribbon",Shows the same woven wordmark label repeated across the full size range of one product family,product-representation,5,no
EV-106,evidence/images/EV-106-product-duvet.jpg,https://tekla.b-cdn.net/41Xt8wzk7hDxlwxi5GWWaX/5adf389ad44e5b4d536d12f64673883e/Tekla_Core_Down_Duvet_Light_DN-SS_2.jpg,Tekla down duvet detail,image/jpeg,1440,1800,57788d50625385c057bac2920bdaf4f0e93cff52531e46da9e0201a1a15404ec,product representation,product photography,owned web,2026,2026-08-24,Global,Tekla,Tekla,Copyright Tekla; research reference only,,included,duvet corner detail,none,plain studio surface,tight macro crop on folded corner and label,top-down macro,soft directional light with visible fabric sheen,off-white on off-white,cotton percale channel-quilted shell,minimal retouch preserving fabric creasing,static,material and construction proof,"woven care label reading TEKLA / Light / 240x220cm stitched into the seam",Detail crop isolates channel-quilting construction and the sewn-in size/weight label rather than the full product silhouette,product-representation,6,no
EV-107,evidence/images/EV-107-product-pillow.jpg,https://tekla.b-cdn.net/4Iqi9pIAngyq7fFLPheJjD/ffcc9afc1d18b6e1a0ac257a87ef4567/Tekla_Percale_Pillow_sham_Douglas_Checks_2.jpg,Tekla percale pillow sham Douglas Checks,image/jpeg,1440,1800,2f3d8e4e591c2633f5e9b4efd6f689305ef43313b29b4a76bc23a89d857e89eb,product native,industrial design,owned web,2026,2026-08-24,Global,Tekla,Tekla,Copyright Tekla; research reference only,,included,pillow sham fabric corner,none,plain studio surface,diagonal close crop filling the frame,steep three-quarter macro,soft even light,slate blue and white check,woven cotton check with fine grid overprint,clean minimal retouch,static,pattern and weave proof,"printed woven TEKLA label sewn at the open edge, check pattern scale and register visible",Isolates the woven check pattern and label placement as the product's own visual signature independent of any styled scene,product-native-visual-language,7,no
EV-108,evidence/images/EV-108-product-native-detail.jpg,https://tekla.b-cdn.net/6KoOT8wPNJSrwH3fwOJAeh/1c474a50ed65b8196bda96499d536e53/Tekla_Home_slipper_Accessories_Brown_4.jpg,Tekla home slipper detail,image/jpeg,1440,1800,6e7098c9bec594dce89f19fcc93c54aeb21b757785bda08b41aa90be36790b84,product native,industrial design,owned web,2026,2026-08-24,Global,Tekla,Tekla,Copyright Tekla; research reference only,,included,shearling slipper pair,none,plain studio surface,overhead diagonal framing filling the frame,top-down macro,soft even light,dark chocolate brown,pile shearling upper with woven label at the vamp,clean minimal retouch,static,construction and material proof,"woven TEKLA wordmark label set into the slipper vamp, pile texture and slip-on silhouette",Shows the slipper's own mule silhouette and label placement rather than a worn or styled context,product-native-visual-language,8,no
EV-109,evidence/images/EV-109-product-in-use.jpg,https://tekla.b-cdn.net/5tM5DDUGurSb8znQ6Sp8dq/464397e84f0bb33782d8bef79cdf7de2/Tekla_Terry_Classic_Bathrobe_Marseille_Female_CB-MA_3.jpg,Tekla terry bathrobe in use,image/jpeg,1440,1800,cfea44f4ea683a8acc5ea72b90a59fb7c9a3fde3fe4fa093b549265adf540992,product representation,product photography,owned web,2026,2026-08-24,Global,Tekla,Tekla,Copyright Tekla; research reference only,,included,model wearing robe,single adult woman facing camera directly,plain seamless studio backdrop,centered frontal half-length portrait,front-on eye level,flat even studio light,cornflower blue and white stripe,cotton terry with ribbed belt and patch pocket,clean commercial retouch,static,product-in-use and fit proof,ribbed belt and patch pocket construction visible on the body,Direct catalogue-style proof of fit, drape, and construction worn on a person rather than flat or hung,product-representation,9,no
EV-110,evidence/images/EV-110-photography-c.jpg,https://tekla.b-cdn.net/6bEY28ztAKB5RCL74kS27w/62e1e9a781555ff220af69712ee5634a/2073-01-0003.jpg,Tekla styled still life on Aalto trolley,image/jpeg,1440,1800,2b02df8c4cab2593e9eede536ce5564a46dc8d73631d69d81f043e77ba33fcbd,photography,brand image,owned web,2026,2026-08-24,Global,Tekla,Tekla,Copyright Tekla; research reference only,EV-004,included,styled trolley still life,none,plain studio surface with vintage furniture prop,off-center still life with layered depth,three-quarter elevated angle,soft even daylight,periwinkle blue stripe and natural birch,birch bent-plywood trolley with terry towels and natural bristle brush,minimal retouch,static,lifestyle and heritage-object context,folded towels with visible woven label stacked beside a natural bristle bath brush,Pairs the product with an unbranded modernist furniture object rather than placing it in a full room set,photography-film,10,no
